User Name,Book Title,Book Author,Genre,Sub-Genre
NYboySunny,The French Lieutenant's Woman,John Fowles,Fiction,Literary Fiction
NYboySunny,Bleak House,Charles Dickens,Fiction,Historical Fiction
NYboySunny,The Sun Also Rises,Ernest Hemingway,Fiction,Literary Fiction
NYboySunny,Blonde,Joyce Carol Oates,Fiction,Literary Fiction
NYboySunny,When Will There Be Good News?,Kate Atkinson,Fiction,Mystery/Thrillers
NYboySunny,The Vaster Wilds,Lauren Groff,Fiction,Historical Fiction
NYboySunny,Book Lovers,Emily Henry,Fiction,Romance
NYboySunny,Metallic Realms,Lincoln Michel,Fiction,Literary Fiction
NYboySunny,Rebecca,Daphne Du Maurier,Fiction,Mystery/Thrillers
NYboySunny,Butcher,Joyce Carol Oates,Fiction,Literary Fiction
Fox415,The Second Rebel,Linden Lewis,Fiction,Sci-Fi
Fox415,People We Meet on Vacation,Emily Henry,Fiction,Romance
Fox415,"Brighter Than Scale, Swifter Than Flame",Neon Yang,Fiction,Fantasy
BraveLeo,Bury Our Bones in the Midnight Soil,V.E. Schwab,Fiction,Fantasy
BraveLeo,Crime and Punishment,Fyodor Dostoevsky,Fiction,Literary Fiction
BraveLeo,Bibliophobia: A Memoir,Sarah Chihaya,Non-Fiction,Memoir/Biography
Odin42,Inherent Vice,Thomas Pynchon,Fiction,Literary Fiction
Odin42,The Vegetarian,Han Kang,Fiction,Literary Fiction
LAreadrHaz,Home,Marilynne Robinson,Fiction,Literary Fiction
LAreadrHaz,The Catcher In The Rye,J.D. Salinger,Fiction,Literary Fiction
LAreadrHaz,Old School,Tobias Wolff,Fiction,Literary Fiction
PixelMax,Station Eleven,Emily St. John Mandel,Fiction,Dystopian
PixelMax,Flowers For Algernon,Daniel Keyes,Fiction,Sci-Fi
PixelMax,Atmosphere: A Love Story,Taylor Jenkins Reid,Fiction,History
PixelMax,The Seven Year Slip,Ashley Poston,Fiction,Literary Fiction
PixelMax,One Golden Summer,Carley Fortune,Fiction,Literary Fiction
PixelMax,Happy Place,Emily Henry,Fiction,Romance
PixelMax,The Unmaking of June Farrow,Adrienne Young,Fiction,Literary Fiction
NYbuzzRave,Water For Elephants,Sara Gruen,Fiction,Literary Fiction
NYbuzzRave,We Are All Guilty Here,Karin Slaughter,Fiction,Literary Fiction
NYbuzzRave,William Shakespear's Star Wars: Verily A New Hope,Ian Doescher,Fiction,Literary Fiction
NYbuzzRave,The Witch's Orchard,Archer Sullivan,Fiction,Literary Fiction
NYbuzzRave,A Drink Before The War,Dennis Lehane,Fiction,Literary Fiction
NYbuzzRave,Darkness Take My Hand,Dennis Lehane,Fiction,Literary Fiction
NYbuzzRave,When Cranes Fly South,Lisa Ridzen,Fiction,Literary Fiction
CAnerdScou,The Nightingale,Kristin Hannah,Fiction,Literary Fiction
CAnerdScou,Ashfall,Mike Mullin,Fiction,Literary Fiction
CAnerdScou,Adrift: 76 Days Lost At Sea,Steven Callahan,Fiction,Literary Fiction
CAnerdScou,Flowers for Algernon,Daniel Keyes,Fiction,Sci-Fi
Atlas88,Royals and Ruses,S. Usher Evans,Fiction,Literary Fiction
Atlas88,A Terribly Nasty Business,Julia Seales,Fiction,Literary Fiction
Atlas88,Pearls and Potions,S. Usher Evans,Fiction,Literary Fiction
EchoWay,Wild Dark Shore,Charlotte McConaghy,Fiction,Literary Fiction
EchoWay,James,Percival Everett,Fiction,Literary Fiction
EchoWay,Parable of the Talents,Octavia E. Butler,Fiction,Literary Fiction
EchoWay,The Emperor Of Gladness,Ocean Vuong,Fiction,Literary Fiction
BlueJay7,The House of the Cerulean Sea,T.J. Klune,Fiction,Literary Fiction
BlueJay7,Inheritance,Nora Roberts,Fiction,Literary Fiction
BlueJay7,The Ancestor,Daniel Truss,Fiction,Literary Fiction
BlueJay7,The Mirror,Nora Roberts,Fiction,Literary Fiction
BlueJay7,Queen of the night,Alexander Chee,Fiction,Literary Fiction
BlueJay7,Making Rounds With Oscar,David Dosa MD,Fiction,Literary Fiction
BlueJay7,Crosstown Crush,Cara McKenna,Fiction,Literary Fiction
BlueJay7,Queen Macbeth,Val McDermid,Fiction,Literary Fiction
SFacctNova,Lila,Marilynne Robinson,Fiction,Literary Fiction
SFacctNova,Gilead,Marilynne Robinson,Fiction,Literary Fiction
SFacctNova,Cleanness,Gerth Greenwell,Fiction,Literary Fiction
SFacctNova,Small Rain,Gerth Greenwell,Fiction,Literary Fiction
SFacctNova,The Feast of the Goat,Mario Vargas Llosa,Fiction,Literary Fiction
SFacctNova,Danubia,Simon Winder,Fiction,Literary Fiction
SFacctNova,East of Eden,John Steinbeck,Fiction,Literary Fiction
SFacctNova,Tyll,Daniel Kehlmann,Fiction,Literary Fiction
SFacctNova,Fools Crow,James Welch,Fiction,Literary Fiction
SFacctNova,Home,Toni Morrison,Fiction,Literary Fiction
PAofMilo,Piranesi,Susanna Clarke,Fiction,Fantasy
PAofMilo,Every Living Thing,Jason Roberts,Fiction,Literary Fiction
PAofMilo,Left Hand of Darkness,Ursula K. Le Guin,Fiction,Sci-Fi
PAofMilo,Idol Burning,Rin Usami,Fiction,Literary Fiction
PAofMilo,The Mountain in the Sea,Ray Nayler,Fiction,Literary Fiction
WittyZen,The Aquanut,Dan Santat,Fiction,Literary Fiction
WittyZen,The Mysterious Benedict Society,Trenton Lee Stewart,Fiction,Literary Fiction
WittyZen,All Creatures Great and Small,James Herriot,Fiction,Literary Fiction
WittyZen,Say Nothing,Patrick Radden Keefe,Non-Fiction,History
WittyZen,Black Beauty,Anna Sewell,Fiction,Literary Fiction
WittyZen,Star Wars: The Princess and the Scoundrel,Beth Revis,Fiction,Sci-Fi
WittyZen,Death Comes for the Archbishop,Willie Cather,Fiction,Literary Fiction
Arya23,Under the Eye of the Big Bird,Hiromi Kawakami,Fiction,Literary Fiction
Arya23,The Will of the Many,James Islington,Fiction,Fantasy
Arya23,The Safekeep,Yael Van Der Wouden,Fiction,Literary Fiction
Arya23,My Brilliant Friend,Elena Ferrante,Fiction,Literary Fiction
Arya23,Endling,Maria Reva,Fiction,Literary Fiction
Arya23,Earthsea Tehanu,Ursula K. Le Guin,Fiction,Sci-Fi
Arya23,Foster,Claire Keegan,Fiction,Literary Fiction
Arya23,Seascraper,Benjamin Wood,Fiction,Literary Fiction
Arya23,On the Calculation of Volume,Solvej Balle,Fiction,Literary Fiction
BoldBear,The Music of Chance,Paul Auster,Fiction,Literary Fiction
BoldBear,Moonglow,Michael Chabon,Fiction,Literary Fiction
BoldBear,The Book of Illusions,Paul Auster,Fiction,Literary Fiction
BoldBear,Against The Day,Thomas Pynchon,Fiction,Literary Fiction
BoldBear,Pattern Recognition,William Gibson,Fiction,Literary Fiction
BoldBear,The Invisible Circus,Jennifer Egan,Fiction,Literary Fiction
Finn312,All Fours,Miranda July,Fiction,Literary Fiction
Finn312,Perfume,Patrick Suskind,Fiction,Literary Fiction
Finn312,Doppleganger,Naomi Klein,Fiction,Literary Fiction
Finn312,Are Prisons Obsolete?,Angela Y. Davis,Non-Fiction,
MAboySalem,Lucky Day,Chuck Tingle,Fiction,Literary Fiction
MAboySalem,Of Monsters and Mainframes,Barbara Truelove,Fiction,Literary Fiction
MAboySalem,The Tommyknockers,Stephen King,Fiction,Horror
CleverAnt,The Boys,Ron Howard,Fiction,Literary Fiction
CleverAnt,Great Big Beautiful Life,Emily Henry,Fiction,Romance
CleverAnt,A Monster Calls,Patrick Ness,Fiction,Literary Fiction
NeoChi,Babel,R.F. Kuang,Fiction,Literary Fiction
NeoChi,No Longer Human,Osamu Dazai,Fiction,Literary Fiction
CozyVale,The Pocket Factory,Alexander Graeme,Fiction,Literary Fiction
CozyVale,The Dungeon Anarchist's Cookbook,Matt Dinniman,Fiction,Fantasy
CozyVale,Halo: The Fall of the Reach,Eric Nylund,Fiction,Sci-Fi
MNatThor,Open Water,Caleb Azumah Nelson,Fiction,Literary Fiction
MNatThor,Annie Bot,Sierra Greer,Fiction,Literary Fiction
MNatThor,Junie,Erin Crosby Eckstine,Fiction,Literary Fiction
IndieRay,The Radium Girls,Kate Moore,Fiction,Literary Fiction
IndieRay,A Discovery of Witches,Deborah Harkness,Fiction,Fantasy
IndieRay,Project Hail Mary,Andy Weir,Fiction,Sci-Fi
DCgirlRuby,10 Minutes 38 Seconds in This Strange,Elif Shafak,Fiction,Literary Fiction
DCgirlRuby,The End of Policing,Alex S. Vitale,Fiction,Literary Fiction
DCgirlRuby,The Safekeep,Yael Van Der Wouden,Fiction,Literary Fiction
DCgirlRuby,No Country For Old Men,Cormac McCarthy,Fiction,Literary Fiction
DCgirlRuby,Life Is A Lazy Susan of Shit Sandwiches,Jennifer Welch,Non-Fiction,Humor
DCgirlRuby,Convenience Store Woman,Sayaka Murata,Fiction,Literary Fiction
DCgirlRuby,The Emperor of Gladness,Ocean Vuong,Fiction,Literary Fiction
DCgirlRuby,Klara and the Sun,Kazuo Ishiguro,Fiction,Literary Fiction
DCgirlRuby,Endling,Maria Reva,Fiction,Literary Fiction
DCgirlRuby,Sky Daddy,Kate Folk,Fiction,Literary Fiction
ZippyDog,Born a Crime,Trevor Noah,Non-Fiction,Biography/Memoir
ZippyDog,Summer Romance,Annabel Monaghan,Fiction,Literary Fiction
ZippyDog,The Seven O'Clock Club,Amelia Ireland,Fiction,Literary Fiction
Poe503,The Metamorphosis,Frank Kafka,Fiction,Literary Fiction
Poe503,Be Kind My Neighbor,Yugo Limbo,Fiction,Literary Fiction
Poe503,Alchemy and a Cup of Tea,Rebecca Thorne,Fiction,Literary Fiction
Poe503,Horsefly,Mireille Gagne,Fiction,Literary Fiction
SunnyOak,Tom Lake,Ann Patchett,Fiction,Literary Fiction
SunnyOak,The Summer Storm,Sarah MacLean,Fiction,Literary Fiction
SunnyOak,A Witch's Guide to Magical Innkeeping,Sangu Mandanna,Fiction,Fantasy
TXbuzzHawk,I Who Have Never Known Men,Jacqueline Harpman,Fiction,Literary Fiction
TXbuzzHawk,Trust,Hernan Diaz,Fiction,Literary Fiction
TXbuzzHawk,Pride and Predjudice,Jane Austen,Fiction,Literary Fiction
TXbuzzHawk,Monstrilio,Gerardo Samano Cordova,Fiction,Literary Fiction
LunaFox,The Invisible Life of Addie LaRue,V.E. Schwab,Fiction,Fantasy
LunaFox,The Spear Cuts Through Water,Simon Jimenez,Fiction,Literary Fiction
LunaFox,Jonathan Strange and Mr Norrell,Susanna Clarke,Fiction,Fantasy
LunaFox,Piranesi,Susanna Clarke,Fiction,Fantasy
LunaFox,Notes On An Execution,Danya Kukafka,Fiction,Literary Fiction
LunaFox,Royal Assassin,Robin Hobb,Fiction,Fantasy
LunaFox,Assassin's Quest,Robin Hobb,Fiction,Fantasy
LunaFox,Angels Before Man,Rafael Nicolas,Fiction,Literary Fiction
BrickNY,Of War and Ruin,Ryan Cahill,Fiction,Fantasy
BrickNY,The Killer Angels,Michael Shaara,Fiction,Literary Fiction
BrickNY,Annihilation,Jeff Vandermeer,Fiction,Literary Fiction
BrickNY,Fourth Wing,Rebecca Yarros,Fiction,Fantasy
BrickNY,Demon Copperhead,Barbara Kingsolver,Fiction,Literary Fiction
BrickNY,A River Enchanted,Rebecca Ross,Fiction,Literary Fiction
BrickNY,The City of Brass,S.A. Chakraborty,Fiction,Literary Fiction
BrickNY,The Forgetting Moon,Brian Durfee,Fiction,Literary Fiction
BrickNY,Interview With The Vampire,Anne Rice,Fiction,Literary Fiction
BrickNY,Wrath,John Gwynne,Fiction,Literary Fiction
BrickNY,The Late Show,Michael Connelly,Fiction,Literary Fiction
FrostRun,Lula Dean's Little Library of Banned Books,Kirsten Miller,Fiction,Literary Fiction
FrostRun,The Change,Kirsten Miller,Fiction,Literary Fiction
CaliOttr,One Day Everyone Will Have Always Been Against This,Omar El Akaad,Fiction,Literary Fiction
CaliOttr,Blue Sisters,Coco Mellors,Fiction,Literary Fiction
CaliOttr,Untethered Sky,Fonda Lee,Fiction,Literary Fiction
CaliOttr,"Really Good, Actually",Monica Heisey,Fiction,Literary Fiction
CaliOttr,Martyr!,Kaveh Akbar,Fiction,Literary Fiction
CaliOttr,Eleanor Oliphant is Completely Fine,Gail Honeyman,Fiction,Literary Fiction
CaliOttr,Last Argument of Kings,Joe Abercrombie,Fiction,Literary Fiction
TNbarNash,No Country For Old Men,Cormac McCarthy,Fiction,Literary Fiction
TNbarNash,11/22/63,Stephen King,Fiction,Literary Fiction
WiseOwl,The Dispossessed,Ursula K. Le Guin,Fiction,Sci-Fi
WiseOwl,Absalom Absalom!,William Faulkner,Fiction,Literary Fiction
WiseOwl,Suttree,Cormac McCarthy,Fiction,Literary Fiction
WiseOwl,Anna Karenina,Leo Tolstoy,Fiction,Literary Fiction
WiseOwl,If Beale Street Could Talk,James Baldwin,Fiction,Literary Fiction
WiseOwl,Infinite Jest,David Foster Wallace,Fiction,Literary Fiction
WiseOwl,Blackshirts and Reds,Michael Parenti,Fiction,Literary Fiction
WiseOwl,Flights,Olga Tokarczuk,Fiction,Literary Fiction
WiseOwl,A Room of One's Own,Virginia Woolf,Fiction,Literary Fiction
WiseOwl,Lincoln in the Bardo,George Saunders,Fiction,Literary Fiction
WiseOwl,The Myth of Sisyphus,Albert Camus,Fiction,Literary Fiction
WiseOwl,The Left Hand of Darkness,Ursula K. Le Guin,Fiction,Sci-Fi
WiseOwl,Disgrace,J.M. Coetzee,Fiction,Literary Fiction
WiseOwl,Beloved,Toni Morrison,Fiction,Literary Fiction
WiseOwl,Things Fall Apart,Chinua Achebe,Fiction,Literary Fiction
WiseOwl,Stella Maris,Cormac McCarthy,Fiction,Literary Fiction
WiseOwl,A Month in the Country,J.L. Carr,Fiction,Literary Fiction
WiseOwl,Waiting for the Barbarians,J.M. Coetzee,Fiction,Literary Fiction
WiseOwl,Those Who Leave and Those Who Stay,Elena Ferrante,Fiction,Literary Fiction
WiseOwl,The Hundred Years' War on Palestine,Rashid Khalidi,Non-Fiction,History
MaxJet,Blood Over Bright haven,M.L. Wang,Fiction,Literary Fiction
MaxJet,The Will of the Many,James Islington,Fiction,Fantasy
MaxJet,All The Colors of the Dark,Chris Whitaker,Fiction,Literary Fiction
MaxJet,Six of Crows,Leigh Bardugo,Fiction,Literary Fiction
MaxJet,"Kill For Me, Kill For You",Steve Cavanagh,Fiction,Literary Fiction
MaxJet,Fourth Wing,Rebecca Yarros,Fiction,Fantasy
MaxJet,The Mistborn,Brandon Sanderson,Fiction,Fantasy
WAreadrRiv,The Glass Castle,Jeannette Walls,Fiction,Literary Fiction
WAreadrRiv,What Kind of Paradise,Janelle Brown,Fiction,Literary Fiction
WAreadrRiv,The Four Winds,Kristin Hannah,Fiction,Literary Fiction
WAreadrRiv,All The Colors of the Dark,Chris Whitaker,Fiction,Literary Fiction
WAreadrRiv,Broken Country,Clare Leslie Hall,Fiction,Literary Fiction
WAreadrRiv,Lonsome Dove,Larry McMurtry,Fiction,Literary Fiction
WAreadrRiv,I'll Have What She's Having,Chelsea Handler,Fiction,Literary Fiction
WAreadrRiv,The Four Agreements,Don Miguel Ruiz,Fiction,Literary Fiction
WAreadrRiv,The Lost Story,Meg Shaffer,Fiction,Literary Fiction
WAreadrRiv,Mad Honey,Jodi Picoult,Fiction,Literary Fiction
WAreadrRiv,The Handmaids Tale,Margaret Atwood,Fiction,Literary Fiction
WAreadrRiv,The Road,Cormac McCarthy,Fiction,Literary Fiction
WAreadrRiv,Pictures of You,Emma C Grey,Fiction,Literary Fiction
WAreadrRiv,Say Nothing,Patrick Radden Keefe,Non-Fiction,History
AgilePath,Copaganda,Alec Karakatsanis,Fiction,Literary Fiction
AgilePath,In Case You Read This,Edward Underhill,Fiction,Literary Fiction
AgilePath,Maine Characters,Hannah Orenstein,Fiction,Literary Fiction
AgilePath,Joy Moody Is Out of Time,Kerryn Mayne,Fiction,Literary Fiction
Theo617,Murderland,Caroline Fraser,Fiction,Literary Fiction
Theo617,Cujo,Stephen King,Fiction,Horror
Theo617,Lilith,Eric Rickstad,Fiction,Literary Fiction
Theo617,11/22/63,Stephen King,Fiction,Literary Fiction
Theo617,The Hounding,Xenobe Purvis,Fiction,Literary Fiction
Theo617,The Arm,Jeff Passan,Fiction,Literary Fiction
PandaPA,The Last Unicorn,Peter S. Beagle,Fiction,Literary Fiction
PandaPA,Lula Dean's Little Library of Banned Books,Kirsten Miller,Fiction,Literary Fiction
PandaPA,A House With Good Bones,T. Kingfisher,Fiction,Literary Fiction
QuickBat,The Devils,Joe Abercrombie,Fiction,Literary Fiction
QuickBat,Crooked Kingdom,Leigh Bardugo,Fiction,Literary Fiction
MN_Elsa,Dream Count,Chimamanda Ngozi Adiche,Fiction,Literary Fiction
MN_Elsa,The Glass Hotel,Emily St John Mandel,Fiction,Literary Fiction
MN_Elsa,The Dutch House,Ann Patchett,Fiction,Literary Fiction
MN_Elsa,Piranesi,Susanna Clarke,Fiction,Fantasy
MN_Elsa,Homegoing,Yaa Gyasi,Fiction,Literary Fiction
MN_Elsa,Tell Me Everything,Elizabeth Strout,Fiction,Literary Fiction
MN_Elsa,So Late In The Day,Claire Keegan,Fiction,Literary Fiction
MN_Elsa,Foster,Claire Keegan,Fiction,Literary Fiction
MN_Elsa,Mermedusa,Thomas Taylor,Fiction,Literary Fiction
UrbanEdge,House of Incest,Anais Nin,Fiction,Literary Fiction
UrbanEdge,The Passion,Jeannette Winterson,Fiction,Literary Fiction
UrbanEdge,Sexing The Cherry,Jeannette Winterson,Fiction,Literary Fiction
UrbanEdge,The Left Hand of Darkness,Ursula K. Le Guin,Fiction,Sci-Fi
UrbanEdge,Near To The Wild Heart,Clarice Lispector,Fiction,Literary Fiction
UrbanEdge,Light Years,James Salter,Fiction,Literary Fiction
UrbanEdge,Knots,R.D. Laing,Fiction,Literary Fiction
UrbanEdge,To The,Virginia Wolf,Fiction,Literary Fiction
UrbanEdge,Autobiography of Red,Anne Carson,Non-Fiction,Memoir/Biography
UrbanEdge,Giovanni's Room,James Baldwin,Fiction,Literary Fiction
LA_Milo,Satanic Verses,Salman Rushdie,Fiction,Literary Fiction
LA_Milo,Near To The Wild Heart,Clarice Lipspector,Fiction,Literary Fiction
LA_Milo,Violetta,Isabelle Allende,Fiction,Literary Fiction
LA_Milo,The Passion According to G.H.,Clarice Lipspector,Fiction,Literary Fiction
LA_Milo,The Unbearable Lightness of Being,Milan Kundera,Fiction,Literary Fiction
StormCat,The Butcher's Masquerade,Matt Dinniman,Fiction,Literary Fiction
StormCat,Klara and the Sun,Kazuo Ishiguro,Fiction,Literary Fiction
StormCat,Convenience Store Woman,Sayaka Murata,Fiction,Literary Fiction
StormCat,Brave New World,Aldous Huxley,Fiction,Literary Fiction
VA_Quinn,To The Lighthouse,Virginia Woolf,Fiction,Literary Fiction
VA_Quinn,The Mirror,Hilary Mantel,Fiction,Literary Fiction
VA_Quinn,Half of a Yellow Sun,Chimamanda Ngozi Adichie,Fiction,Literary Fiction
VA_Quinn,White Teeth,Zadie Smith,Fiction,Literary Fiction
VA_Quinn,There Are Rivers in the Sky,Elif Shafak,Fiction,Literary Fiction
VA_Quinn,The Air War,Adrian Tchaikovsky,Fiction,Fantasy
VA_Quinn,Kairos,Jenny Erpenbeck,Fiction,Literary Fiction
VA_Quinn,The Secret History,Donna Tartt,Non-Fiction,History
VA_Quinn,On the Calculation of Volume,Solvej Balle,Fiction,Literary Fiction
VA_Quinn,The South,Tash Aw,Fiction,Literary Fiction
HappyEel,1984,George Orwell,Fiction,Dystopian
HappyEel,Wild Dark Shore,Charlotte McConaghy,Fiction,Literary Fiction
HappyEel,The Will of the Many,James Islington,Fiction,Literary Fiction
HappyEel,Red Rising,Pierce Brown,Fiction,Fantasy
HappyEel,Golden Son,Pierce Brown,Fiction,Fantasy
HappyEel,Morning Star,Pierce Brown,Fiction,Literary Fiction
HappyEel,Song of Achilles,Madeline Miller,Fiction,Literary Fiction
HappyEel,The Midnight Library,Matt Haig,Fiction,Literary Fiction
HappyEel,I Who Have Never Known Men,Jacqueline Harpman,Fiction,Literary Fiction
HappyEel,Piranesi,Susanna Clarke,Fiction,Fantasy
HappyEel,Tomorrow and Tomorrow and Tomorrow,Gabrielle Zevin,Fiction,Literary Fiction
HappyEel,A Court of Mist and Fury,Sara J. Maas,Fiction,Fantasy
HappyEel,A Court of Wings and Ruin,Sara J. Maas,Fiction,Fantasy
HappyEel,Iron Flame,Rebecca Yarros,Fiction,Fantasy
HappyEel,Hail Mary,Andy Weir,Fiction,Sci-Fi
Frodo7,Intermezzo,Sally Rooney,Fiction,Literary Fiction
Frodo7,The Bee Sting,Paul Murray,Fiction,Literary Fiction
Frodo7,Middlesex,Jeffrey Eugenides,Fiction,Literary Fiction
Frodo7,Careless People: A story of where is used to work,Sarah Wynn-WilliamsA,Fiction,Literary Fiction
Frodo7,A Language of Limbs,Dylin Hardcastle,Fiction,Literary Fiction
Frodo7,The Bell Jar,Sylvia Plath,Fiction,Literary Fiction
Frodo7,Isola,Allegra Goodman,Fiction,Literary Fiction
Frodo7,The Safe Keep,Yael Van Der Wouden,Fiction,Literary Fiction
Frodo7,All My Mothers,Joanna Glen,Fiction,Literary Fiction
Frodo7,Down The Drain,Julia Fox,Fiction,Literary Fiction
Frodo7,Picnic at Hanging Rock,Joan Lindsay,Fiction,Literary Fiction
Frodo7,Margo's Got Money Troubles,Rufi Thorpe,Fiction,Literary Fiction
Frodo7,Small Things Like These,Claire Keegan,Fiction,Literary Fiction
MapleTO,11/22/63,Stephen King,Fiction,Literary Fiction
MapleTO,The Shining,Stephen King,Fiction,Horror
MapleTO,Hail Mary,Andy Weir,Fiction,Sci-Fi
MapleTO,End of Fever,Stephen King,Fiction,Horror
MapleTO,Murder on the Orient Express,Agatha Christie,Fiction,Mystery/Thrillers
MapleTO,The Witcher: The Last Wish,Andrzei Sapkowski,Fiction,Fantasy
MapleTO,Cujo,Stephen King,Fiction,Horror
MapleTO,The Murder At the Vicarage,Agatha Christie,Fiction,Literary Fiction
MapleTO,Mr. Mercedes,Stephen King,Fiction,Horror
MapleTO,Hex,Thomas Olde Heuvelt,Fiction,Literary Fiction
MapleTO,Frankenstein,Mary Shelly,Fiction,Literary Fiction
MapleTO,Finders Keepers,Stephen King,Fiction,Horror
MapleTO,The Willows,Algernon Blackwood,Fiction,Literary Fiction
MapleTO,Dracula,Bram Stoker,Fiction,Literary Fiction
MapleTO,The House of a Thousand Chandles,Meredith Nicholson,Fiction,Literary Fiction
MapleTO,The Red House Mystery,A. A. Milne,Fiction,Literary Fiction
JazzNote,Emily Wilde's Compendium of Lost Tales,Heather Fawcett,Fiction,Literary Fiction
JazzNote,Once Upon A River,Diane Setterfield,Fiction,Literary Fiction
JazzNote,A Tree Grows in Brooklyn,Betty Smith,Fiction,Literary Fiction
JazzNote,The Lion Women of Tehran,Marjan Kamali,Fiction,Literary Fiction
JazzNote,Nettle & Bone,Ursula Vernon,Fiction,Literary Fiction
JazzNote,A River Enchanted,Rebecca Ross,Fiction,Literary Fiction
JazzNote,Gentleman In Moscow,Amor Towles,Fiction,Literary Fiction
NY_Percy,Beowulf,Maria Dahvana Headley,Fiction,Literary Fiction
NY_Percy,Fagin the Thief,Allison Epstein,Fiction,Historical Fiction
NY_Percy,Moby Dick,Herman Melville,Fiction,Literary Fiction
NY_Percy,Roadside Picnic,Arkady Strugatsky,Fiction,Sci-Fi
NY_Percy,Shubeik Lubeik,Deena Mohamed,Fiction,Literary Fiction
NY_Percy,A Song of Legends Lost,M.H. Ayinde,Fiction,Literary Fiction
NY_Percy,The Adventures of Huckleberry Finn,Mark Twain,Fiction,Literary Fiction
NY_Percy,The Factory,Hiroko Oyamada,Fiction,Literary Fiction
NY_Percy,Lincoln in the Bardo,George Saunders,Fiction,Literary Fiction
NY_Percy,Lolita,Vladimir Nabakov,Fiction,Literary Fiction
NY_Percy,Parable of the Sower,Octavia E. Butler,Fiction,Literary Fiction
NY_Percy,Secondhand Time: The Last of the Soviets,Svetlana Alexievich,Non-Fiction,History
BrightHen,The Sisters Brothers,Patrick deWitt,Fiction,Literary Fiction
BrightHen,Crossroads,Jonathan Franzen,Fiction,Literary Fiction
BrightHen,Normal People,Sally Rooney,Fiction,Literary Fiction
BrightHen,Under Major Domo Minor,Patrick deWitt,Fiction,Literary Fiction
BrightHen,House of Sand and Fog,Andrew Dubus III,Fiction,Literary Fiction
BrightHen,Trust,Hernan Diaz,Fiction,Literary Fiction
BrightHen,Factotum,Charles Bukowski,Fiction,Literary Fiction
BrightHen,Say Nothing,Patrick Radden Keefe,Non-Fiction,History
BrightHen,11/22/63,Stephen King,Fiction,Literary Fiction
BrightHen,The Librarianist,Patrick deWitt,Fiction,Literary Fiction
UT_Logan,The Spear Cuts Through Water,Simon Jiminez,Fiction,Literary Fiction
UT_Logan,James,Percival Everett,Fiction,Literary Fiction
UT_Logan,Pachinko,Min Jin Lee,Fiction,Literary Fiction
UT_Logan,Small Things Like These,Claire Keegan,Fiction,Literary Fiction
UT_Logan,Foster,Claire Keegan,Fiction,Literary Fiction
UT_Logan,The River Has Roots,Amal El-Mohtar,Fiction,Literary Fiction
UT_Logan,Giovanni's Room,James Baldwin,Fiction,Literary Fiction
UT_Logan,There There,Tommy Orange,Fiction,Literary Fiction
NimbleYak,Lonesome Dove,Larry McMurtry,Fiction,Literary Fiction
NimbleYak,Light Bringer,Pierce Brown,Fiction,Fantasy
NimbleYak,The Last Argument of Kings,Joe Abercrombie,Fiction,Literary Fiction
NimbleYak,11/22/63,Stephen King,Fiction,Literary Fiction
NimbleYak,The Blade itself,Joe Abercrombie,Fiction,Literary Fiction
NimbleYak,Farenheit 451,Ray Bradbury,Fiction,Literary Fiction
NimbleYak,Dark Matter,Blake Crouch,Fiction,Sci-Fi
AryaSF,Martyr!,Kaveh Akbar,Fiction,Literary Fiction
AryaSF,The Invisible Life Of ,V.E. Schwab,Fiction,Fantasy
AryaSF,Welcome to the Hyunam Dong Bookshop,Kwang Boreum,Fiction,Literary Fiction
MossBear,We Solve Murders,Richard Osman,Fiction,Literary Fiction
MossBear,The Bullet That Missed,Richard Osman,Fiction,Literary Fiction
MossBear,The Last Devil to Die,Richard Osman,Fiction,Literary Fiction
MossBear,The Magician King,Lev Grossman,Fiction,Fantasy
MossBear,The Magician's Land,Lev Grossman,Fiction,Fantasy
MossBear,The Bright Sword,Lev Grossman,Fiction,Fantasy
MossBear,Little Fires Everywhere,Celeste Ng,Fiction,Literary Fiction
MossBear,Daughter of the Forest,Juliette Marillier,Fiction,Literary Fiction
MossBear,Wild Dark Shore,Charlotte McConaghy,Fiction,Literary Fiction
MossBear,The Golem and the Jinni,Helene Wecker,Fiction,Fantasy
AZacctCody,Moby Dick,Herman Melville,Fiction,Literary Fiction
AZacctCody,Stoner,John Williams,Fiction,Literary Fiction
AZacctCody,Butcher's Crossing,John Williams,Fiction,Literary Fiction
AZacctCody,Lonesome Dove,Larry McMurtry,Fiction,Literary Fiction
AZacctCody,East of Eden,John Steinbeck,Fiction,Literary Fiction
AZacctCody,Suttree,Cormack McCarthy,Fiction,Literary Fiction
AZacctCody,Mort,Terry Pratchett,Fiction,Literary Fiction
AZacctCody,Neuromancer,William Gibson,Fiction,Sci-Fi
AZacctCody,The Exorcist,William Peter Blatty,Fiction,Literary Fiction
AZacctCody,100 Years of Solitude,Gabriel Garcia Marquez,Fiction,Literary Fiction
AZacctCody,Dungeon Crawler Carl - Book 1,Matt Dinniman,Fiction,Fantasy
SharpMind,The Silent Companions,Laura Purcell,Fiction,Horror
SharpMind,From Here To Eternity: Traveling the World to Find the Good Death,Caitlin Doughty,Fiction,Literary Fiction
SharpMind,I Who Have Never Known Men,Jacqueline Harpman,Fiction,Literary Fiction
SharpMind,Practice Magic,Alice Hoffman,Fiction,Literary Fiction
SharpMind,World War Z,Max Brooks,Fiction,Sci-Fi
SharpMind,The Once and Future Witches,Alix E. Harrow,Fiction,Literary Fiction
SharpMind,The Library of Lost Dollhouses,Elise Hooper,Fiction,Literary Fiction
Luna808,The Dungeon Anarchist's Cookbook,Matt Dinniman,Fiction,Fantasy
Luna808,Katabasis,R.F. Kuang,Fiction,Literary Fiction
Luna808,Mexican Gothic,Silvia Moreno-Garcia,Fiction,Horror
Luna808,Scythe,Neal Shusterman,Fiction,Literary Fiction
Luna808,The Gate of the Feral Gods,Matt Dinniman,Fiction,Literary Fiction
Luna808,Bride,Ali Hazelwood,Fiction,Literary Fiction
Luna808,Witchcraft for Wayward Girls,Grady Hendrix,Fiction,Fantasy
Luna808,White Rose,Kip Wilson,Fiction,Literary Fiction
Luna808,Dead to the World,Charlaine Harris,Fiction,Literary Fiction
Luna808,The Saturday Night Ghost Club,Craig Davidson,Fiction,Literary Fiction
Luna808,Club Dead,Geraldine Harris,Fiction,Literary Fiction
Luna808,Piransi,Susanna Clarke,Fiction,Fantasy
TidyOttr,The Handmaid's Tale,Margaret Atwood,Fiction,Literary Fiction
TidyOttr,American Psycho,Bret Easton Ellis,Fiction,Literary Fiction
TidyOttr,Crime and Punishment,Fyodor Dostoevsky,Fiction,Literary Fiction
TidyOttr,Millennium People,J.G. Ballard,Fiction,Literary Fiction
TidyOttr,Simulacra and Simulation,Jean Baudrillard,Fiction,Literary Fiction
TidyOttr,Blood Meridian,Cormac McCarthy,Fiction,Literary Fiction
TidyOttr,Solaris,Stanislaw Lem,Fiction,Sci-Fi
TidyOttr,Concrete Island,J.G. Ballard,Fiction,Literary Fiction
TidyOttr,The Main in the High Castle,Philip K. Dick,Fiction,Sci-Fi
TidyOttr,Annihiliation,Jeff VanderMeet,Fiction,Literary Fiction
TidyOttr,Eye in the Sky,Philip K. Dick,Fiction,Literary Fiction
TidyOttr,Child of God,Cormac McCarthy,Fiction,Literary Fiction
TidyOttr,Dark Places,Gillian Flynn,Fiction,Literary Fiction
TidyOttr,Kitchen Confidential,Anthony Bourdain,Fiction,Literary Fiction
TidyOttr,A Clockwork Orange,Anthony Burgess,Fiction,Literary Fiction
TidyOttr,The Three Body Problem,Liu Cixin,Fiction,Sci-Fi
TidyOttr,The Sun Also Rises,Ernest Hemingway,Fiction,Literary Fiction
TidyOttr,Some of Your Blood,Theodore Sturgeon,Fiction,Literary Fiction
TidyOttr,Neuromancer,William Gibson,Fiction,Sci-Fi
TX_Dean,Letters to Milena,Franz Kafka,Fiction,Literary Fiction
TX_Dean,Notes of a Crocodile,Qiu Miaojin,Fiction,Literary Fiction
TX_Dean,Elena Knows,Claudia Pineiro,Fiction,Literary Fiction
TX_Dean,Tales From the Cafe,Toshikazu Kawaguchi,Fiction,Literary Fiction
TX_Dean,Kim Jiyoung Born 1982,Cho Nam-Joo,Fiction,Literary Fiction
TX_Dean,Reservoir Bitches,Dahlia de la Cerda,Fiction,Literary Fiction
TX_Dean,Heartstopper: Volume Five,Alice Oseman,Fiction,Literary Fiction
TX_Dean,Colorless Tsukuru Tazaki and His Years of Pilgrimage,Haruki Murakami,Fiction,Literary Fiction
TX_Dean,The Setting Sun,Osamu Dazai,Fiction,Literary Fiction
SwiftJay,The Bee Sting,Paul Murray,Fiction,Literary Fiction
SwiftJay,Crying in H Mart,Michelle Zauner,Fiction,Literary Fiction
SwiftJay,Prophet Song,Paul Lynch,Fiction,Literary Fiction
SwiftJay,Skippy Dies,Paul Murray,Fiction,Literary Fiction
SwiftJay,Foster,Claire Keegan,Fiction,Literary Fiction
SwiftJay,Jane Eyre,Charlotte Bronte,Fiction,Literary Fiction
SwiftJay,Kim Jiyoung Born 1982,Cho Nam-Joo,Fiction,Literary Fiction
SwiftJay,I Who Have Never Known Men,Jacqueline Harpman,Fiction,Literary Fiction
SwiftJay,Henry Henry,Allen Bratton,Fiction,Literary Fiction
SwiftJay,Sunburn,Chloe Michelle Howarth,Fiction,Literary Fiction
SwiftJay,The Scorpio Races,Maggie Stiefvater,Fiction,Literary Fiction
SwiftJay,My Year of Rest and Relaxation,Ottessa Moshfegh,Fiction,Literary Fiction
NM_Echo,Johnny Got His Gun,Dalton Trumbo,Fiction,Literary Fiction
NM_Echo,Crime and Punishment,Fyodor Dostoevsky,Fiction,Literary Fiction
NM_Echo,On Palestine,Noam Chomsky,Fiction,Literary Fiction
NM_Echo,Negative Space,B.R. Yeager,Fiction,Literary Fiction
NM_Echo,Native Son,Richard Wright,Fiction,Literary Fiction
NM_Echo,The Ones Who Walk Away From Omelas,Ursula K. Le Guin,Fiction,Sci-Fi
NM_Echo,Sophie's World,Jostein Gaarder,Fiction,Literary Fiction
NM_Echo,Burmese Days,George Orwell,Fiction,Literary Fiction
NM_Echo,Interior Chinatown,Charles Wu,Fiction,Literary Fiction
SunnyPup,2666,Roberto Bolano,Fiction,Literary Fiction
SunnyPup,Company Man,Brent Wade,Fiction,Literary Fiction
SunnyPup,The Lying Life of Adults,Elena Ferrante,Fiction,Literary Fiction
SunnyPup,The Secret History,Donna Tartt,Non-Fiction,History
SunnyPup,My Brilliant Friend,Elena Ferrante,Fiction,Literary Fiction
SunnyPup,Fludd,Hilary Mantel,Fiction,Literary Fiction
SunnyPup,Horse Heaven,Jane Smiley,Fiction,Literary Fiction
SunnyPup,Silver Sparrow,Tayari Jones,Fiction,Literary Fiction
SunnyPup,No Longer At Ease,Chinua Achebe,Fiction,Literary Fiction
SunnyPup,Transcendent Kingdom,Yaa Gyasi,Fiction,Literary Fiction
KSnerdClar,Some Desperate Glory,Emily Tesh,Fiction,Literary Fiction
KSnerdClar,The Buffalo Hunter Hunter,Stephen Graham Jones,Fiction,Literary Fiction
KSnerdClar,How The Word Is Passed,Clint Smith,Fiction,Literary Fiction
KSnerdClar,Terry Pratchett,Going Postal,Fiction,Literary Fiction
KSnerdClar,Cobalt Red,Siddhartha Cara,Fiction,Literary Fiction
KSnerdClar,Exposure,Robert Bilott,Fiction,Literary Fiction
KSnerdClar,Revenger,Alastair Reynolds,Fiction,Literary Fiction
KSnerdClar,The Spears Cuts Through Water,Simon Jimenez,Fiction,Literary Fiction
KSnerdClar,Scott's Last Expedition,Robert Falcon Scott,Fiction,Literary Fiction
KSnerdClar,How to Hide an Empire,Daniel Immerwahr,Fiction,Literary Fiction
KSnerdClar,The Old Ways: A Journey on Foot,Robert Macfarlane,Fiction,Literary Fiction
KSnerdClar,Is a River Alive?,Robert Macfarlane,Fiction,Literary Fiction
BraveRam,Onyx Storm,Rebecca Yarros,Fiction,Literary Fiction
BraveRam,The Hunger Games,Suzanne Collins,Fiction,Literary Fiction
BraveRam,Binding 13,Chloe Walsh,Fiction,Literary Fiction
BraveRam,Keeping 13,Chloe Walsh,Fiction,Literary Fiction
BraveRam,Redeeming 6,Chloe Walsh,Fiction,Literary Fiction
BraveRam,Saving 6,Chloe Walsh,Fiction,Literary Fiction
BraveRam,Iron Flame,Rebecca Yarros,Fiction,Fantasy
BraveRam,Catching Fire,Suzanne Collins,Fiction,Literary Fiction
BraveRam,Mockingjay,Suzanne Collins,Fiction,Literary Fiction
BraveRam,Fearless,Lauren Roberts,Fiction,Literary Fiction
BraveRam,Powerless,Lauren Roberts,Fiction,Literary Fiction
BraveRam,Ignite Me,Tahereh Mafi,Fiction,Literary Fiction
IvySEA,Kim Jiyoung Born 1982,Cho Nam-Joo,Fiction,Literary Fiction
IvySEA,Kitchen Confidential,Anthony Bourdain,Non-Fiction,Memoir/Biography
IvySEA,Here One Moment,Liane Moriarty,Fiction,Literary Fiction
IvySEA,Twenty Years After,Alexander Dumas,Fiction,Literary Fiction
IvySEA,Stranger in a Strange Land,Robert Heinleiin,Fiction,Literary Fiction
IvySEA,Annihilation,Jeff Vandermeer,Fiction,Literary Fiction
IvySEA,John Dies at the End,Jason Pargin,Fiction,Literary Fiction
IvySEA,Authority,Jeff Vandermeer,Fiction,Literary Fiction
IvySEA,Acceptance,Jeff Vandermeer,Fiction,Literary Fiction
IvySEA,The Blue Hour,Paula Hawkins,Fiction,Literary Fiction
IvySEA,A Court of Wings and Ruin,Sarah J. Maas,Fiction,Fantasy
IvySEA,Piranesi,Susanna Clarke,Fiction,Fantasy
IvySEA,The Housemaid,Freida McFadden,Fiction,Literary Fiction
IvySEA,My Year of Rest and Relaxation,Ottessa Moshfegh,Fiction,Literary Fiction
CozyCub,The Dispossesed,Ursula K. Le Guin,Fiction,Sci-Fi
CozyCub,Pet Semetary,Stephen King,Fiction,Horror
CozyCub,The Myth of the Normal,Gabor Mate,Fiction,Literary Fiction
CozyCub,Lonesome Dove,Larry McMurtry,Fiction,Literary Fiction
CozyCub,A Thousand Splendid Suns,Khaled Hosseini,Fiction,Literary Fiction
CozyCub,Brave New World,Aldous Huxley,Fiction,Literary Fiction
CozyCub,East of Eden,John Steinbeck,Fiction,Literary Fiction
CozyCub,The Road,Cormac McCarthy,Fiction,Literary Fiction
CozyCub,Autobiography of Malcolm X,Malcolm X,Non-Fiction,Memoir/Biography
CozyCub,Who Rules the World?,Noam Chomsky,Fiction,Literary Fiction
CozyCub,Behave: The Biology of Humans,Robert Sapolsky,Non-Fiction,Science
CozyCub,Night,Elie Wiesel,Non-Fiction,Memoir/Biography
CozyCub,The Picture of Dorian Gray,Oscar Wilde,Fiction,Literary Fiction
CozyCub,11/22/63,Stephen King,Fiction,Literary Fiction
CozyCub,All the Sinners Bleed,S.A. Cosby,Fiction,Literary Fiction
CozyCub,Animal Farm,George Orwell,Fiction,Literary Fiction
Neo313,The First Fifteen Lives of Harry August,Claire North,Fiction,Literary Fiction
Neo313,The Book of M,Peng Shepherd,Fiction,Literary Fiction
Neo313,Highfire,Eoin Colfer,Fiction,Literary Fiction
Neo313,More Perfect,Temi Oh,Fiction,Literary Fiction
Neo313,Humble Pi: When Math Goes Wrong,Matt Parker,Non-Fiction,Science
Neo313,Witchcraft for Wayward Girls,Grady Hendrix,Fiction,Horror
Neo313,Martyr!,Kaveh Akbar,Fiction,Literary Fiction
Neo313,The Reformatory,Tahamarive Due,Fiction,Literary Fiction
Neo313,Lessons in Chemistry,Bonnie Garmous,Fiction,Literary Fiction
Neo313,The Heart Goes Last,Margaret Atwood,Fiction,Literary Fiction
Neo313,The Mountain in the Sea,Ray Nayler,Fiction,Literary Fiction
Neo313,The First to Die at the End,Adam Silvera,Fiction,Literary Fiction
Neo313,The Stranger,Albert Camus,Fiction,Literary Fiction
Neo313,Divine Rivals,Rebecca Ross,Fiction,Literary Fiction
Neo313,Trees of the Emerald Sea,Brandon Sanderson,Fiction,Fantasy
Neo313,A Quantum Love Story,Mike Chen,Fiction,Literary Fiction
FuzzyBee,Hail Mary,Andy Weir,Fiction,Sci-Fi
FuzzyBee,Migrations,Charlotte McConaghy,Fiction,Literary Fiction
FuzzyBee,If It Bleeds,Stephen King,Fiction,Horror
FuzzyBee,The Wedding People,Alison Espach,Fiction,Literary Fiction
FuzzyBee,Lessons in Chemistry,Bonnie Garmus,Fiction,Literary Fiction
FuzzyBee,The Simple Path to Wealth,J.L. Collins,Non-Fiction,Economics
FuzzyBee,City of Souls and Sinners,Kayla Edwards,Fiction,Literary Fiction
FuzzyBee,The House of My Mother,Shari Franke,Fiction,Literary Fiction
FuzzyBee,Sea of Tranquility,Emily St. John Mandel,Fiction,Literary Fiction
FuzzyBee,City of Gods and Monsters,Kayla Edwards,Fiction,Fantasy
FuzzyBee,Demon Copperhead,Barbara Kingsolver,Fiction,Literary Fiction
FuzzyBee,Everyone in My Family Has Killed Someone,Benjamin Stevenson,Fiction,Literary Fiction
FuzzyBee,The Fisherman,John Langan,Fiction,Literary Fiction
FuzzyBee,The Green Mile,Stephen King,Fiction,Literary Fiction
FuzzyBee,The Paradise Problem,Christina Lauren,Fiction,Literary Fiction
FuzzyBee,None of This Is True,Lisa Jewell,Fiction,Literary Fiction
FuzzyBee,Look Closer,David Ellis,Fiction,Literary Fiction
FuzzyBee,The Silent Patient,Alex Michaelides,Fiction,Mystery/Thrillers
FuzzyBee,All the Dangerous Things,Stacy Willingham,Fiction,Literary Fiction
FuzzyBee,Finders Keepers,Stephen King,Fiction,Horror
FuzzyBee,End of Watch,Stephen King,Fiction,Horror
ORofRowan,Fierce Invalids Home From Hot Climates,Tom Robbins,Fiction,Literary Fiction
ORofRowan,All the Pretty Horses,Cormac McCarthy,Fiction,Literary Fiction
ORofRowan,The Crossing,Cormac McCarthy,Fiction,Literary Fiction
ORofRowan,No Country For Old Men,Cormac McCarthy,Fiction,Literary Fiction
ORofRowan,How To Read A Book,Mortimer J. Adler,Fiction,Literary Fiction
ORofRowan,Station Eleven,Emily St. John Mandel,Fiction,Literary Fiction
ORofRowan,Miniatures,John Scalzi,Fiction,Literary Fiction
ORofRowan,Martyr!,Kaveh Akbar,Fiction,Literary Fiction
ORofRowan,A Man Without a Country,Kurt Vonnegut,Fiction,Literary Fiction
WildCat9,Tender is the Flesh,Agustina Bazterrica,Fiction,Literary Fiction
WildCat9,Old Man's War,John Sealzi,Fiction,Literary Fiction
WildCat9,Beartown,Fredrik Backman,Fiction,Literary Fiction
WildCat9,Will of of the Many,James Islington,Fiction,Literary Fiction
WildCat9,Piranesi,Susanna Clarke,Fiction,Fantasy
WildCat9,The Lion Women of Tehran,Marjan Kamali,Fiction,Literary Fiction
CAboySansa,Blackshirts & Reds,Michael Parenti,Fiction,Literary Fiction
CAboySansa,Elder Race,Adrian Tchaikovsky,Fiction,Literary Fiction
CAboySansa,Dogs of War,Adrian Tchaikovsky,Fiction,Literary Fiction
CAboySansa,Fight Club,Chuck Palahniuk,Fiction,Literary Fiction
CAboySansa,Notes From the Underground,Fyodor Dostoyevsky,Fiction,Literary Fiction
CAboySansa,Void Stalker,Aaron Dembski-Bowden,Fiction,Literary Fiction
CAboySansa,Is Gender Fluid,Sally Hines,Fiction,Literary Fiction
CAboySansa,Wage Labour and Capital,Karl Marx,Non-Fiction,Economics
CAboySansa,"Value, Price and Profit",Karl Marx,Non-Fiction,Economics
CAboySansa,The Elements of Moral Philosophy,James Rachels,Non-Fiction,
BlueZen,The God of the Woods,Liz Moore,Fiction,Literary Fiction
BlueZen,Heartwood,Amity Gaige,Fiction,Literary Fiction
BlueZen,The Frozen River,Ariel Lawhon,Fiction,Literary Fiction
PilotWay,I Who Have Never Known Men,Jacqueline Harpman,Fiction,Literary Fiction
PilotWay,The Overstory,Richard Powers,Fiction,Literary Fiction
PilotWay,Tuesdays With Morrie,Mitch Albom,Non-Fiction,
Remy504,A Man Called Ove,Fredrik Backman,Fiction,Literary Fiction
Remy504,The Book Thief,Markus Zusak,Fiction,Literary Fiction
Remy504,The Gunslinger,Stephen King,Fiction,Literary Fiction
CalmCrow,The Seven Husbands of Evelyn Hugo,Taylor Jenkins Reed,Fiction,Literary Fiction
CalmCrow,Project Hail Mary,Andy Weir,Fiction,Sci-Fi
CalmCrow,11/22/63,Stephen King,Fiction,Literary Fiction
UTwaitAtla,North Woods,Daniel Mason,Fiction,Literary Fiction
UTwaitAtla,I Who Have Never Known Men,Jacqueline Harpman,Fiction,Literary Fiction
UTwaitAtla,The River Has Roots,Amal El-Mohtar,Fiction,Literary Fiction
UTwaitAtla,Kindred,Octavia Butler,Fiction,Literary Fiction
ZanyMind,The Hobbit,J.R.R. Tolkien,Fiction,Fantasy
ZanyMind,Frankenstein,Mary Shelley,Fiction,Literary Fiction
ZanyMind,The Picture of Dorian Gray,Oscar Wilde,Fiction,Literary Fiction
ZanyMind,Blood Meridian,Cormac McCarthy,Fiction,Literary Fiction
NYgirlBowi,Phosphor in Dreamland,Riki Ducornet,Fiction,Literary Fiction
NYgirlBowi,Duplex,Kathryn Davis,Fiction,Literary Fiction
NYgirlBowi,Animal Money,Michael Cisco,Fiction,Literary Fiction
SilverAnt,The Poppy War Trilogy,R.F. Kuang,Fiction,Fantasy
SilverAnt,Vicious,V.E. Schwab,Fiction,Fantasy
SilverAnt,Dungeon Crawler Carl,Matt Dinniman,Fiction,Fantasy
LunaBOS,Project Hail Mary,Andy Weir,Fiction,Sci-Fi
LunaBOS,Words of Radiance,Brandon Sanderson,Fiction,Fantasy
LunaBOS,Jade City,Fonda Lee,Fiction,Literary Fiction
LunaBOS,Sword of Kaigen,M.L. Wang,Fiction,Fantasy
LunaBOS,Leviathan Wakes,James S.A. Corey,Fiction,Sci-Fi
PeppySeal,The Stand,Stephen King,Fiction,Literary Fiction
PeppySeal,The Name of the Wind,Patrick Rothfuss,Fiction,Fantasy
PeppySeal,Dune,Frank Herbert,Fiction,Sci-Fi
PeppySeal,"Alas, Babylon",Pat Frank,Fiction,Literary Fiction
MObarHank,Piranesi,Susanna Clark,Fiction,Literary Fiction
MObarHank,Recursion,Blake Crouch,Fiction,Sci-Fi
MObarHank,The Invisible Life of Addie LaRue,V.E. Schwab,Fiction,Fantasy
MObarHank,When Women Were Dragons,Kelly Barnhill,Fiction,Literary Fiction
MObarHank,The First Fifteen Lives of Harry August,Claire North,Fiction,Literary Fiction
MObarHank,The Book of M,Peng Shepard,Fiction,Literary Fiction
QuietBat,The Tombs of Atuan,Ursula K. Le Guin,Fiction,Sci-Fi
QuietBat,The Owl Service,Alan Garner,Fiction,Literary Fiction
QuietBat,The Dark Is Rising,Susan Cooper,Fiction,Literary Fiction
TXreadrArl,The Haar,David Sodergren,Fiction,Literary Fiction
TXreadrArl,Nestlings,Nat Cassidy,Fiction,Literary Fiction
TXreadrArl,Gone Girl,Gillian Flynn,Fiction,Literary Fiction
RustyDog,Bastard Out of Carolina,Dorothy Allison,Fiction,Literary Fiction
RustyDog,Ordinary People,Judith Guest,Fiction,Literary Fiction
RustyDog,She's Come Undone,Wally Lamb,Fiction,Literary Fiction
MerryNY,My Year of Rest and Relaxation,Otessa Moshfegh,Fiction,Literary Fiction
MerryNY,Sharp Objects,Gillian Flynn,Fiction,Literary Fiction
MerryNY,Hench,Natalie Zina Walschots,Fiction,Literary Fiction
SwiftEel,Red Rising,Pierce Brown,Fiction,Fantasy
SwiftEel,Blood Over Bright Haven,M.L. Wang,Fiction,Literary Fiction
SwiftEel,Katabasis,R.F. Kuang,Fiction,Literary Fiction
DCbuzzNora,American Gods,Neil Gaiman,Fiction,Literary Fiction
DCbuzzNora,Name of the Wind,Patrick Rothfuss,Fiction,Fantasy
DCbuzzNora,Moon of the Turning Leaves,Waubgeishig Rice,Fiction,Literary Fiction
CleverPug,The Book Thief,Markus Zusak,Fiction,Literary Fiction
CleverPug,The Historian,Elizabeth Kostova,Fiction,Literary Fiction
CleverPug,To Kill a Mockingbird,Harper Lee,Fiction,Literary Fiction
OR_Odin,A Short Stay in Hell,Steven L. Peck,Fiction,Literary Fiction
OR_Odin,The Cider House Rules,John Irving,Fiction,Literary Fiction
OR_Odin,Nightbitch,Rachel Yoder,Fiction,Literary Fiction
ChillYak,The Stand,Stephen King,Fiction,Literary Fiction
ChillYak,Clan of the Cave Bear,Jean Auel,Fiction,Literary Fiction
ChillYak,The Count of Monte Cristo,Alexandre Dumas,Fiction,Literary Fiction
ChillYak,And Then There Were None,Agatha Christie,Fiction,Mystery/Thrillers
MiloChi,The Stand,Stephen King,Fiction,Literary Fiction
MiloChi,Earth Abides,George R. Stewart,Fiction,Literary Fiction
MiloChi,The Name of the Wind,Patrick Rothfuss,Fiction,Fantasy
BraveCub,Captive Prince,C.S. Pacat,Fiction,Literary Fiction
BraveCub,The Boyfriend List,E. Lockhart,Fiction,Literary Fiction
BraveCub,1984,George Orwell,Fiction,Dystopian
BraveCub,Charlotte's Web,E.B. White,Fiction,Literary Fiction
BraveCub,A Hat Full of Sky,Terry Pratchett,Fiction,Literary Fiction
SDacctTheo,What I Was Doing While You Were Breeding,Kristin Newman,Fiction,Literary Fiction
SDacctTheo,The Postmortal,Drew Magary,Fiction,Literary Fiction
SDacctTheo,Yellowface,R.F. Kuang,Fiction,Literary Fiction
LivelyPath,Stoner,John Williams,Fiction,Literary Fiction
LivelyPath,Hard Rain Falling,Don Carpenter,Fiction,Literary Fiction
LivelyPath,A Tree Grows in Brooklyn,Betty Smith,Fiction,Literary Fiction
COboyFinn,Open Throat,Henry Hoke,Fiction,Literary Fiction
COboyFinn,Among Others,Jo Walton,Fiction,Literary Fiction
COboyFinn,Network Effect,Martha Wells,Fiction,Literary Fiction
COboyFinn,Rebecca,Daphne du Maurier,Fiction,Mystery/Thrillers
COboyFinn,White on White,Aysegul Savas,Fiction,Literary Fiction
COboyFinn,House of Leaves,Mark Z. Danielewski,Fiction,Literary Fiction
ShadowLine,Roadside Picnic,Arkady Strugatsky,Fiction,Sci-Fi
ShadowLine,Paladin of Souls,Lois Bujold,Fiction,Literary Fiction
ShadowLine,The Summer Book,Tove Jansson,Fiction,Literary Fiction
AKgirlJuno,My Year of Rest and Relaxation,Otessa Moshfegh,Fiction,Literary Fiction
AKgirlJuno,Sharp Objects,Gillian Flynn,Fiction,Literary Fiction
AKgirlJuno,Hench,Natalie Zina Walschots,Fiction,Literary Fiction
PerkyFox,The Silent Patient,Alex Michaelides,Fiction,Mystery/Thrillers
PerkyFox,The Ninth Session,Deborah Serani,Fiction,Literary Fiction
PerkyFox,How to Keep House While Drowning,K.C. Davis,Fiction,Literary Fiction
PerkyFox,Hidden Valley Road,Robert Kolker,Fiction,Literary Fiction
PerkyFox,Little Fires Everywhere,Celeste Ng,Fiction,Literary Fiction
PerkyFox,Invisible Girl,Lisa Jewell,Fiction,Literary Fiction
PerkyFox,Gone Girl,Gillian Flynn,Fiction,Literary Fiction
ReedNY,Bel Canto,Ann Patchett,Fiction,Literary Fiction
ReedNY,Pride & Predjudice,Jane Austen,Fiction,Literary Fiction
ReedNY,Empire Falls,Richard Russo,Fiction,Literary Fiction
BoldPuma,Doomsday Book,Connie Willis,Fiction,Literary Fiction
BoldPuma,The Left Hand of Darkness,Ursula K Le Guin,Fiction,Sci-Fi
BoldPuma,The Broken Earth Trilogy,N.K. Jemisin,Fiction,Fantasy
Ivy415,Bartimaues Trilogy,Jonathan Stroud,Fiction,Fantasy
Ivy415,Homeland Saga,R.A. Salvatore,Fiction,Literary Fiction
Ivy415,Dungeon Crawler Carl,Matt Dinniman,Fiction,Fantasy
Ivy415,,,Fiction,Literary Fiction
Ivy415,I Who Have Never Known Men,Jacqueline Harpman,Fiction,Literary Fiction
Ivy415,Know My Name,Chanel Miller,Fiction,Literary Fiction
Ivy415,A Little Life,Hanya Yanagihara,Fiction,Literary Fiction
CozyMoth,Mrs. Dalloway,Virginia Woolf,Fiction,Literary Fiction
CozyMoth,Tomorrow and Tomorrow and Tomorrow,Gabrielle Zevin,Fiction,Literary Fiction
CozyMoth,The Wedding People,Alison Espach,Fiction,Literary Fiction
OH_Clark,East of Eden,John Steinbeck,Fiction,Literary Fiction
OH_Clark,Song of Solomon,Toni Morrison,Fiction,Literary Fiction
SunnyRam,West With Giraffes,Lynda Rutledge,Fiction,Literary Fiction
SunnyRam,Horse,Geraldine Brooks,Fiction,Literary Fiction
Pippin7,Fall of Giants,Ken Follett,Fiction,Literary Fiction
Pippin7,City of Thieves,David Benioff,Fiction,Literary Fiction
Pippin7,The Forever War,Joe Halderman,Fiction,Literary Fiction
FastHare,Mazalan Book of the Fallen,Steven Erikson,Fiction,Fantasy
FastHare,A Song of Ice and Fire,George R.R. Martin,Fiction,Fantasy
FastHare,The First Law Series,Joe Abercrombie,Fiction,Fantasy
CA_Nolan,Lonesome Dove,Larry McMurtry,Fiction,Literary Fiction
CA_Nolan,Watership Down,Richard Adams,Fiction,Literary Fiction
CA_Nolan,All the Light We Cannot See,Anthony Doerr,Fiction,Literary Fiction
UrbanLine,The Unbearable Lightness of Being,Milan Kundera,Fiction,Literary Fiction
UrbanLine,The Three Body Problem,Liu Cixin,Fiction,Sci-Fi
UrbanLine,Flowers For Algernon,Daniel Keyes,Fiction,Sci-Fi
UrbanLine,The Kite Runner,Khaled Hosseini,Fiction,Literary Fiction
UrbanLine,A Thousand Splendid Suns,Khaled Hosseini,Fiction,Literary Fiction
AZ_Leia,The Princess Bride,William Goldman,Fiction,Literary Fiction
AZ_Leia,Betty,Tiffany McDaniel,Fiction,Literary Fiction
AZ_Leia,The Story of a New Name,Elena Ferrante,Fiction,Literary Fiction
BrightFawn,The Searcher,Tana French,Fiction,Literary Fiction
BrightFawn,Homegoing,Yaa Gyasi,Fiction,Literary Fiction
BrightFawn,The Old Man and the Sea,Ernest Hemmingway,Fiction,Literary Fiction
KC_Max,Lady Tan's Cirlce of Women,Lisa See,Fiction,Literary Fiction
KC_Max,If I Had Your Face,Frances Cha,Fiction,Literary Fiction
KC_Max,Tongueless,Lau Yee-Wa,Fiction,Literary Fiction
GentleWay,Piranesi,Susanna Clarke,Fiction,Fantasy
GentleWay,The Library at Mount Char,Scott Hawkins,Fiction,Literary Fiction
GentleWay,A Tale for the Time Being,Ruth Ozeki,Fiction,Literary Fiction
SageNY,Battle Royale,Koushun Takami,Fiction,Literary Fiction
SageNY,Shiver ,Allie Reynolds,Fiction,Literary Fiction
SageNY,The Shuddering,Ania Ahlborn,Fiction,Literary Fiction
PlayfulWay,Lonesome Dove,Larry McMurtry,Fiction,Literary Fiction
PlayfulWay,Demon Copperhead,Barbara Kingsolver,Fiction,Literary Fiction
PlayfulWay,The Firm,John Grisham,Fiction,Literary Fiction
MT_Eli,The Great Alone,Kristin Hannah,Fiction,Literary Fiction
MT_Eli,Don't You Forget About Me,Mhairi McFarlane,Fiction,Literary Fiction
MT_Eli,If Cats Disappeared From The World,Genki Kawamura,Fiction,Literary Fiction
BraveJay,The Martian,Andy Weir,Fiction,Sci-Fi
BraveJay,Project Hail Mary,Andy Weir,Fiction,Sci-Fi
BraveJay,The Book Thief,Markus Zusak,Fiction,Literary Fiction
BraveJay,Dark Matter,Blake Crouch,Fiction,Sci-Fi
BraveJay,Tomorrow and Tomorrow and Tomorrow,Gabrielle Zevin,Fiction,Literary Fiction
BraveJay,All the Colors of the Dark,Chris Whitaker,Fiction,Literary Fiction
BraveJay,Remarkably Bright Creatures,Shelby Van Pelt,Fiction,Literary Fiction
BraveJay,The Guncle Abroad,Steven Rowley,Fiction,Literary Fiction
BraveJay,The Women,Kristin Hannan,Fiction,Literary Fiction
LunaDEN,Never Let Me Go,Kazuo Ishiguro,Fiction,Literary Fiction
LunaDEN,I Who Have Never Known Men,Jacqueline Harpman,Fiction,Literary Fiction
LunaDEN,The Frozen River,Ariel Lawhon,Fiction,Literary Fiction
LunaDEN,Demon Copperhead,Barbara Kingsolver,Fiction,Literary Fiction
LunaDEN,The House in the Cerulean Sea and sequel,T.J. Klune,Fiction,Literary Fiction
LunaDEN,Eleanor Oliphant is Completely Fine,Gail Honeyman,Fiction,Literary Fiction
LunaDEN,Manâ€™s Search for Meaning,Viktor Frankl,Fiction,Literary Fiction
LunaDEN,Flight Behavior,Barbara Kingsolver,Fiction,Literary Fiction
LunaDEN,Into Thin Air,Jon Kraukauer,Fiction,Literary Fiction
LunaDEN,The Guncle Abroad,Steve Rowley,Fiction,Literary Fiction
KeenFox,Road to Tender Hearts,Annie Hartnett,Fiction,Literary Fiction
KeenFox,Vera or Faith,Gary Shteyngart,Fiction,Literary Fiction
KeenFox,Hazel Says No,Jessica Berger Gross,Fiction,Literary Fiction
KeenFox,Kitchens of the Great Midwest,J. Ryan Stradal,Fiction,Literary Fiction
PA_Theo,The River is Waiting,Wally Lamb,Fiction,Literary Fiction
PA_Theo,My Friends,Fredrik Backman,Fiction,Literary Fiction
PA_Theo,Beautyland,Marie-Helene Bertino,Fiction,Literary Fiction
PA_Theo,What Kind of Paradise,Janelle Brown,Fiction,Literary Fiction
PA_Theo,Hearthwood,Amity Gage,Fiction,Literary Fiction
PA_Theo,Lenny Marks Gets Away With Murder,Kerryn Mayne,Fiction,Literary Fiction
PA_Theo,Run for the Hills,Kevin Wilson,Fiction,Literary Fiction
QuietSeal,Tomorrow and Tomorrow and Tomorrow,Gabrielle Zevin,Fiction,Literary Fiction
QuietSeal,Remarkably Bright Creatures,Shelby Van Pelt,Fiction,Literary Fiction
QuietSeal,Project Hail Mary,Andy Weir,Fiction,Sci-Fi
QuietSeal,Demon Copperhead,Barbara Kingsolver,Fiction,Literary Fiction
QuietSeal,All Systems Red,Martha Wells,Fiction,Literary Fiction
QuietSeal,Rebecca,Daphne du Maurier,Fiction,Mystery/Thrillers
QuietSeal,Six of Crows,Leigh Bardugo,Fiction,Literary Fiction
UT_Milo,The Lighthouse at the Edge of the World,J.R. Dawson,Fiction,Literary Fiction
UT_Milo,The Goblin Emperor,Katerine Addison,Fiction,Fantasy
UT_Milo,A Thousand Acres,Jane Smiley,Fiction,Literary Fiction
SnappyAnt,The Storied Life of AJ Fikry,Gabrielle Zevin,Fiction,Literary Fiction
SnappyAnt,Mort,Terry Pratchett,Fiction,Literary Fiction
SnappyAnt,Vida,Marge Piercy,Fiction,Literary Fiction
SnappyAnt,Of Human Bondage,W. Somerst Maugham,Fiction,Literary Fiction
SnappyAnt,Noumenon,Marina J. Lostetter,Fiction,Literary Fiction
SnappyAnt,Ducks,Kate Beaton,Fiction,Literary Fiction
SnappyAnt,All My Puny Sorrows,Miriam Toews,Fiction,Literary Fiction
ID_Rowan,Flowers For Algernon,Daniel Keyes,Fiction,Sci-Fi
ID_Rowan,Animal Liberation Now,Peter Singer,Non-Fiction,
ID_Rowan,Slaughterhouse Five,Kurt Vonnegut,Fiction,Literary Fiction
ID_Rowan,The Secret History,Donna Tartt,Non-Fiction,History
ID_Rowan,Doppleganger: A Trip Into The Mirror World,Naomi Klein,Fiction,Literary Fiction
ID_Rowan,Pale Fire,Vladimir Nabokov,Fiction,Literary Fiction
ID_Rowan,A Christmas Carol,Charles Dickens,Fiction,Historical Fiction
ID_Rowan,"Detransition, Baby",Torrey Peters,Fiction,Literary Fiction
ID_Rowan,This Is Me Trying,Jenna Adams,Fiction,Literary Fiction
ID_Rowan,Come To This Court and Cry,Linda Kinstler,Fiction,Literary Fiction
ID_Rowan,Why Evolution Is True,Jerry Coyne,Non-Fiction,
ID_Rowan,The Nine,Jeffrey Toobin,Non-Fiction,
ID_Rowan,I Who Have Never Known Men,Jacqueline Harpman,Fiction,Literary Fiction
CoolOttr,Enter Ghost,Isabella Hammond,Fiction,Literary Fiction
CoolOttr,The Remains of the Day,Kazuo Ishiguro,Fiction,Literary Fiction
CoolOttr,Stag Dance,Torrey Peters,Fiction,Literary Fiction
CoolOttr,Buff Soul,Moa Romanova,Fiction,Literary Fiction
CoolOttr,I Make Envy On Your Disco,Eric Schnall,Fiction,Literary Fiction
CoolOttr,Big Swiss,Jen Beagin,Fiction,Literary Fiction
CoolOttr,Rejection,Tony Tulathimutte,Fiction,Literary Fiction
CoolOttr,The Road To Tender Hearts,Annie Bartnett,Fiction,Literary Fiction
CoolOttr,Martyr!,Kaveh Akbar,Fiction,Literary Fiction
CoolOttr,The Wedding People,Alison Espach,Fiction,Literary Fiction
NC_Arya,The Extraordinary Life of Sam Hell,Robert Dugoni,Fiction,Literary Fiction
NC_Arya,A Sound So Very Loud,Hamish MacBain,Fiction,Literary Fiction
NC_Arya,Beautiful Ruins,Jess Walter,Fiction,Literary Fiction
SwiftPath,Les Miserables,Victor Hugo,Fiction,Literary Fiction
SwiftPath,Brothers Karamazov,Fyodor Dostoevsky,Fiction,Literary Fiction
SwiftPath,Hyperion,Dan Simmons,Fiction,Sci-Fi
SwiftPath,The Fall of Hyperion,Dan Simmons,Fiction,Sci-Fi
SwiftPath,How To Know a Person,David Brooks,Fiction,Literary Fiction
SwiftPath,The Gene,Siddharta Murkerjee,Fiction,Literary Fiction
SwiftPath,The Master and Margarita,Mikhail Bulgakov,Fiction,Literary Fiction
SwiftPath, Discipline and Punish,Michel Foucault,Fiction,Literary Fiction
SwiftPath,The Body Keeps The Score,Bessel Van Der Kolk,Fiction,Literary Fiction
SwiftPath,1984,George Orwell,Fiction,Dystopian
SwiftPath,A Monetary and Fiscal History of the United States 1961-2021,Alan Blinder,Non-Fiction,History
SwiftPath,Everything Is Tuberculosis,John Green,Fiction,Literary Fiction
SwiftPath,Devil Takes the Hindmost,Edward Chancellor,Fiction,Literary Fiction
SwiftPath,Replay,Ken Grimwood,Fiction,Literary Fiction
SwiftPath,The Demon Haunted World,Carl Sagan,Fiction,Literary Fiction
SwiftPath,Recursion,Blake Crouch,Fiction,Sci-Fi
SwiftPath,Why Machines Learn: The Elegant Math Behind Modern AI,Anil Ananthaswamy,Non-Fiction,Science
SwiftPath,Dark Matter,Blake Crouch,Fiction,Sci-Fi
SwiftPath,Predictably Irrational,Dan Ariely,Fiction,Literary Fiction
SwiftPath,The Count of Monte Cristo,Alexandre Dumas,Fiction,Literary Fiction
TX_Ben,Time's Mouth,Edan Lepucki,Fiction,Literary Fiction
TX_Ben,Shark Heart A Love Story,Emily Habeck,Fiction,Literary Fiction
TX_Ben,The Compound,Aisling Rawle,Fiction,Literary Fiction
TX_Ben,The Miraculous Journey of Edward Tulane,Kate DiCamillo,Fiction,Literary Fiction
TX_Ben,This Time Tomorrow,Emma Straub,Fiction,Literary Fiction
TX_Ben,The Rachel Incident,Caroline O'Donogue,Fiction,Literary Fiction
TX_Ben,Everyone is Lying to You,Jo Piazza,Fiction,Literary Fiction
TX_Ben,The Burnout,Sophie Kinsella,Fiction,Literary Fiction
TX_Ben,Big Swiss,Jen Beagin,Fiction,Literary Fiction
TX_Ben,Oona Out of Order,Margarita Montimore,Fiction,Literary Fiction
WarmCrow,Project Hail Mary,Andy Weir,Fiction,Sci-Fi
WarmCrow,Moon Witch Spider King,Marlon James,Fiction,Literary Fiction
WarmCrow,The Sword of Kaigen,M.L. Wang,Fiction,Fantasy
WarmCrow,Hurricane Season,Fernanda Melchor,Fiction,Literary Fiction
WarmCrow,Of Empires and Dust,Ryan Cahill,Fiction,Fantasy
WarmCrow,Of War and Ruin,Ryan Cahill,Fiction,Fantasy
WarmCrow,The Bee Sting,Paul Murray,Fiction,Literary Fiction
WarmCrow,Beijing Comrades,Bei Tong,Fiction,Literary Fiction
WarmCrow,The Dungeon Anarchist's Cookbook,Matt Dinniman,Fiction,Fantasy
WarmCrow,The Eye of the Bedlam Bride,Matt Dinniman,Fiction,Fantasy
WarmCrow,The Gate of the Feral Golds,Matt Dinniman,Fiction,Fantasy
WarmCrow,The Emporer of Gladness,Ocean Vuong,Fiction,Literary Fiction
OR_Hazel,Red Rising,Pierce Brown,Fiction,Fantasy
OR_Hazel,Dungeon Crawler Carl,Matt Dinniman,Fiction,Fantasy
OR_Hazel,Buffalo Hunter Hunter,Stephen Jones,Fiction,Literary Fiction
OR_Hazel,Noir,Christopher Moore,Fiction,Literary Fiction
OR_Hazel,Our Share of the Night,Mariana Enriquez,Fiction,Literary Fiction
OR_Hazel,King Sorrow,Joe Hill,Fiction,Literary Fiction
OR_Hazel,A Short Stay in Hell,Steven Peck,Fiction,Literary Fiction
OR_Hazel,Needful Things,Stephen King,Fiction,Horror
OR_Hazel,Swan Song,Robert McCammon,Fiction,Literary Fiction
OR_Hazel,NOS4A2,Joe Hill,Fiction,Literary Fiction
OR_Hazel,Razzmatazz,Christopher Moore,Fiction,Literary Fiction
OR_Hazel,Light Bringer,Pierce Brown,Fiction,Fantasy
OR_Hazel,The Devils,Joe Abercrombie,Fiction,Literary Fiction
OR_Hazel,You Should Have Left,Daniel Kehlmann,Fiction,Literary Fiction
OR_Hazel,Desperation,Stephen King,Fiction,Horror
OR_Hazel,The Dead Zone,Stephen King,Fiction,Horror
OR_Hazel,The Langoliers,Stephen King,Fiction,Horror
OR_Hazel,Piranesi,Susanna Clarke,Fiction,Fantasy
OR_Hazel,The Last Murder at the End of the World,Stuart Turton,Fiction,Literary Fiction
ZippyYak,No Longer Human,Osamu Dazai,Fiction,Literary Fiction
ZippyYak,The Moustache,Emmanuel Carrere,Fiction,Literary Fiction
ZippyYak,Night,Elie Wiesel,Fiction,Literary Fiction
ZippyYak,The Setting Sun,Osamu Dazai,Fiction,Literary Fiction
ZippyYak,Lolita,Vladimir Nabokov,Fiction,Literary Fiction
ZippyYak,The Life of a Stupid Man,Ryunosuke Akutagawa,Fiction,Literary Fiction
ZippyYak,The Woman in the Dunes,Kobo Abe,Fiction,Literary Fiction
ZippyYak,Gyo,Junji Ito,Fiction,Literary Fiction
ZippyYak,Notes From Underground,Fyodor Dostoevsky,Fiction,Literary Fiction
ZippyYak,A Tale of Two Cities,Charles Dickens,Fiction,Historical Fiction
LA_Finn,Legendborn,Tracy Deonn,Fiction,Literary Fiction
LA_Finn,Ultraprocessed People,Chris van Tulleken,Fiction,Literary Fiction
LA_Finn,Nobody's Girl,Virginia Roberts Giuffre,Fiction,Literary Fiction
LA_Finn,The boy on the Bridge,M.R. Carey,Fiction,Literary Fiction
LA_Finn,Careless People,Sarah Wynn-Williams,Fiction,Literary Fiction
LA_Finn,Doppelganger,Naomi Klein,Fiction,Literary Fiction
LA_Finn,Pretty Boys are Poisonous,Megan Fox,Fiction,Literary Fiction
LA_Finn,Spare,Prince Harry,Fiction,Literary Fiction
LA_Finn,Hunger,Roxane Gay,Fiction,Literary Fiction
LA_Finn,Venco Venco,Cherie Dimaline,Fiction,Literary Fiction
LA_Finn,Bad Cree,Jessica Johns,Fiction,Literary Fiction
LA_Finn,True Biz,Sara Novic,Fiction,Literary Fiction
LA_Finn,Babel,R.F. Kuang,Fiction,Literary Fiction
LA_Finn,Poor Economics,Abhijit Baerjee,Fiction,Literary Fiction
CalmFox,Survivor,Paul Tremblay,Fiction,Literary Fiction
CalmFox,Gone Girl,Gillian Flynn,Fiction,Literary Fiction
CalmFox,The Wager,David Grann,Fiction,Literary Fiction
CalmFox,The Martian,Andy Weird,Fiction,Sci-Fi
CalmFox,The Devil in the White City,Erik Larson,Fiction,Historical Fiction
CalmFox,Notes On Surviving the Fire,Christine Murphy,Fiction,Literary Fiction
CalmFox,Over My Dead Body,Greg Melville,Fiction,Literary Fiction
Poe212,The Sound of a Wild Snail Eating,Elisabeth Tova Bailey,Fiction,Literary Fiction
Poe212,One Day Everyone Will Have Always Been Against This,Omar El Akaad,Fiction,Literary Fiction
Poe212,None Of This Is True,Lisa Jewell,Fiction,Literary Fiction
BoldDeer,Emily Wilde's Compendium of Lost Tales,Heather Fawcett,Fiction,Literary Fiction
BoldDeer,Blood Over Bright Haven,M.L. Wang,Fiction,Literary Fiction
BoldDeer,Looking For Group,Alexis Hall,Fiction,Literary Fiction
BoldDeer,Running Close to the Wind,Alexandra Rowland,Fiction,Literary Fiction
BoldDeer,The Gentleman's Book of Vices,Jess Everlee,Fiction,Literary Fiction
BoldDeer,Confounding Oaths,Alexis Hall,Fiction,Literary Fiction
BoldDeer,Lotus Empire,Tasha Suri,Fiction,Literary Fiction
BoldDeer,Mortal Follies,Alexis Hall,Fiction,Literary Fiction
BoldDeer,The Very Secret Society of Irregular Witches,Sangu Mandanna,Fiction,Fantasy
BoldDeer,Someone You Can Build a Nest In,John Wiswell,Fiction,Literary Fiction
BoldDeer,Service Model,Adrian Tchaikovsky,Fiction,Literary Fiction
BoldDeer,Children of Time,Adrian Tchaikovsky,Fiction,Literary Fiction
BoldDeer,Starter Villian,John Scalzi,Fiction,Literary Fiction
BoldDeer,The Ministry of Time,Kaliane Bradley,Fiction,Literary Fiction
BoldDeer,Masters of Death,Olivie Blake,Fiction,Literary Fiction
MA_Lucy,Red Rising,Pierce Brown,Fiction,Fantasy
MA_Lucy,Iron Gold,Pierce Brown,Fiction,Fantasy
MA_Lucy,Just Mercy,Bryan Stevenson,Fiction,Literary Fiction
MA_Lucy,The Will of the Many,James Islington,Fiction,Fantasy
MA_Lucy,Dungeon Crawler Carl,Matt Dinniman,Fiction,Literary Fiction
MA_Lucy,The Final Empire,Brandon Sanderson,Fiction,Fantasy
MA_Lucy,Dune,Frank Herbert,Fiction,Fantasy
MA_Lucy,A Shadow of What Was Lost,James Islington,Fiction,Literary Fiction
MA_Lucy,Hitchhiker's Guide to the Galaxy,Douglas Adams,Fiction,Literary Fiction
MA_Lucy,Buffalo Hunter Hunger,Stephen Jones,Fiction,Literary Fiction
MA_Lucy,Broken Country,Clarke Leslie Hall,Fiction,Literary Fiction
MA_Lucy,Of Mice and Men,John Steinbeck,Fiction,Literary Fiction
MA_Lucy,Daughter of No Worlds,Carissa Broadbent,Fiction,Literary Fiction
SunnyEel,Red Rising,Pierce Brown,Fiction,Fantasy
SunnyEel,Light Bringer,Pierce Brown,Fiction,Fantasy
SunnyEel,Fourth Wing,Rebacca Yarros,Fiction,Literary Fiction
SunnyEel,Gone to See the River Man,Kristopher Triana,Fiction,Literary Fiction
SunnyEel,Butcher and Blackbird,Brynne Weaver,Fiction,Literary Fiction
SunnyEel,A Court of Mist and Fury,Sarah Maas,Fiction,Fantasy
SunnyEel,Court of Wings and Ruin,Sarah Maas,Fiction,Fantasy
SunnyEel,All the Lies,S.T. Abby,Fiction,Literary Fiction
SunnyEel,Paint It All Red,S.T. Abby,Fiction,Literary Fiction
SunnyEel,Phantasma,Kaylie Smith,Fiction,Literary Fiction
SunnyEel,Daughter of the Pirate King,Tricia Levenseller,Fiction,Literary Fiction
SunnyEel,The Long Walk,Stephen King,Fiction,Horror
SunnyEel,Shield of Sparrows,Devney Perrty,Fiction,Literary Fiction
CA_Odin,Stoner,John Williams,Fiction,Literary Fiction
CA_Odin,The Strength of the Few,James Islington,Fiction,Literary Fiction
CA_Odin,Slaughterhouse Five,Kurt Vonnegut,Fiction,Literary Fiction
CA_Odin,Gates of Fire,Steven Pressfield,Fiction,Literary Fiction
CA_Odin,Hard Rain Falling,Don Carpenter,Fiction,Literary Fiction
CA_Odin,Destiny Disrupted,Tamim Ansary,Fiction,Literary Fiction
CA_Odin,Drop of Corruption,Robert Bennett,Fiction,Literary Fiction
CA_Odin,A Short Stay In Hell,Steven Peck,Fiction,Literary Fiction
CA_Odin,Confusion,Stefan Zweig,Fiction,Literary Fiction
CA_Odin,Chess Story,Stefan Zweig,Fiction,Literary Fiction
CA_Odin,I Who Have Never Known Men,Jacqueline harpman,Fiction,Literary Fiction
CA_Odin,James,Percival Everett,Fiction,Literary Fiction
CA_Odin,Say Nothing,Patrick Keefe,Fiction,Literary Fiction
CA_Odin,Fifty Fifty,Steve Cavanagh,Fiction,Literary Fiction
CA_Odin,The Sacred Band,James Romm,Fiction,Literary Fiction
CA_Odin,Martyr!,Kaveh Akbar,Fiction,Literary Fiction
CA_Odin,The Devils,Joe Abercrombie,Fiction,Literary Fiction
CA_Odin,Jesus' Son,Denis Johnson,Fiction,Literary Fiction
CA_Odin,Blood Over Bright Haven,M.L. Wang,Fiction,Literary Fiction
CA_Odin,All The Sinners Bleed,S.A. Cosby,Fiction,Literary Fiction
CA_Odin,Small Boat,Vincent Delecroix,Fiction,Literary Fiction
CleverCub,Man Eaters of Kumaon,Jim Corbett,Fiction,Literary Fiction
CleverCub,The Deerslayer,James Fenimore Cooper,Fiction,Literary Fiction
CleverCub,The Legacy of Heorot,Larry Niven,Fiction,Literary Fiction
CleverCub,Eaters of the Dead,Michael Crichton,Fiction,Literary Fiction
CleverCub,I Am Legend,Richard Matheson,Fiction,Literary Fiction
CleverCub,Child of God,Cormac McCarthy,Fiction,Literary Fiction
CleverCub,The Road,Cormac McCarthy,Fiction,Literary Fiction
CleverCub,Hothouse,Brian Aldiss,Fiction,Literary Fiction
CleverCub,The Hobbit,J.R.R. Tolkien,Fiction,Fantasy
CleverCub,Twenty Thousand Leagues Under the Sea,Jules Verne,Fiction,Sci-Fi
CleverCub,The Last of the Mohicans,James Fenimore Cooper,Fiction,Literary Fiction
CleverCub,Blood Meridian,Cormac McCarthy,Fiction,Literary Fiction
CleverCub,The Iron Marshall,Louis L'Amour,Fiction,Literary Fiction
RI_Max,Infinite Jest,David Foster Wallace,Fiction,Literary Fiction
RI_Max,Oxherding Tale,Charles Johnson,Fiction,Literary Fiction
RI_Max,Train Dreams,Denis Johnson,Fiction,Literary Fiction
RI_Max,Siddhartha,Herman Hesse,Fiction,Literary Fiction
RI_Max,One Hundred Years of Solitude,Gabriel Garcia Marquez,Fiction,Literary Fiction
RI_Max,East of Eden,John Steinbeck,Fiction,Literary Fiction
RI_Max,The Shawl,Cynthia Ozick,Fiction,Literary Fiction
RI_Max,The Stranger,Albert Camus,Fiction,Literary Fiction
RI_Max,The Insulted and Humiliated,Fyodor Dostoevsky,Fiction,Literary Fiction
RI_Max,No Exit,Taylor Adams,Fiction,Literary Fiction
RI_Max,Bluebeard,Kurt Vonnegut,Fiction,Literary Fiction
RI_Max,The Heart is a Lonely Hunter,Carson McCullers,Fiction,Literary Fiction
RI_Max,Consider the Lobster,David Foster Wallace,Fiction,Literary Fiction
RI_Max,The Last Samurai,Helen Dewitt,Fiction,Literary Fiction
WildHawk,All The Pretty Horses,Cormac McCarthy,Fiction,Literary Fiction
WildHawk,Hondo,Louis L'Amour,Fiction,Literary Fiction
WildHawk,Alias Grace,Margaret Atwood,Fiction,Literary Fiction
WildHawk,The Night Circus,Erin Morgernstern,Fiction,Literary Fiction
WildHawk,The Boy on the Bridge,M.R. Carey,Fiction,Literary Fiction
WildHawk,Case Histories,Kate Atkinson,Fiction,Mystery/Thrillers
WildHawk,The Girl With All the Gifts,M.R. Carey,Fiction,Literary Fiction
WildHawk,Leaf Storm,Gabriel Garcia Marquez,Fiction,Literary Fiction
NJ_Luna,The Stand,Stephen King,Fiction,Literary Fiction
NJ_Luna,Wizard and Glass,Stephen King,Fiction,Horror
NJ_Luna,Piranesi,Susanna Clarke,Fiction,Fantasy
NJ_Luna,Dark Matter,Blake Crouch,Fiction,Sci-Fi
NJ_Luna,Hyperion,Dan Simmons,Fiction,Sci-Fi
NJ_Luna,The Dragon Reborn,Robert Jordan,Fiction,Fantasy
NJ_Luna,The Silent Patient,Alex Michaelides,Fiction,Mystery/Thrillers
NJ_Luna,Flowers For Algernon,Daniel Keyes,Fiction,Sci-Fi
NJ_Luna,Roadside Picnic,Arkady Strugatsky,Fiction,Sci-Fi
NJ_Luna,The Lost Metal,Brandon Sanderson,Fiction,Fantasy
NJ_Luna,1984,George Orwell,Fiction,Dystopian
NJ_Luna,Dungeon Crawler Carl,Matt Dinniman,Fiction,Literary Fiction
NJ_Luna,Shadow Rising,Robert Jordan,Fiction,Fantasy
HappyZen,How High We Go In the Dark,Sequoia Nagamatsu,Fiction,Sci-Fi
HappyZen,All Fours,Miranda July,Fiction,Literary Fiction
HappyZen,Shark Heart A Love Story,Emily Habeck,Fiction,Literary Fiction
HappyZen,Sky Daddy,Kate Folk,Fiction,Literary Fiction
HappyZen,Heart The Lover,Lily King,Fiction,Literary Fiction
HappyZen,The Guest,Emma Cline,Fiction,Literary Fiction
HappyZen,The Wedding People,Allison Espach,Fiction,Literary Fiction
HappyZen,Husbands,Holly Gramazio,Fiction,Literary Fiction
HappyZen,The Secret History,Donna Tartt,Non-Fiction,History
HappyZen,Fruit of the Dead,Rachel Lyon,Fiction,Literary Fiction
HappyZen,Normal People,Sally Rooney,Fiction,Literary Fiction
HappyZen,Comfort Me With Apples,Catherynne Valente,Fiction,Literary Fiction
HappyZen,Go as a River,Shelly Read,Fiction,Literary Fiction
HappyZen,Wild Dark Shore,Charlotte McConaghy,Fiction,Literary Fiction
HappyZen,Kitchen,Banana Yoshimoto,Fiction,Literary Fiction